<?xml version="1.0" encoding="UTF-8"?>
<beans xmlns="http://www.springframework.org/schema/beans"
	xmlns:xsi="http://www.w3.org/2001/XMLSchema-instance"
	xmlns:context="http://www.springframework.org/schema/context"
	xmlns:mvc="http://www.springframework.org/schema/mvc"
	xsi:schemaLocation="http://www.springframework.org/schema/mvc http://www.springframework.org/schema/mvc/spring-mvc-4.3.xsd
		http://www.springframework.org/schema/beans http://www.springframework.org/schema/beans/spring-beans-4.3.xsd
		http://www.springframework.org/schema/context http://www.springframework.org/schema/context/spring-context-4.3.xsd">

<bean id="viewResolver" 
class="org.springframework.web.servlet.view.InternalResourceViewResolver">
<property name="prefix" value="/WEB-INF/view/"></property>
<property name="suffix" value=".jsp"></property>
</bean>

<bean id="/index" class="my.FrontController"></bean>

<!-- @Controller를 bean으로 만들기 위해서 스캔 -->
<!-- namespace에 context가 필요하므로 namespaces탭을 클릭하여 context를 체크하라 -->
<context:component-scan base-package="my"></context:component-scan>


<!-- css파일, js파일, png등 그림파일을 리소스를 접근가능하게 하는 설정 -->
<mvc:annotation-driven />
<mvc:resources location="/WEB-INF/" mapping="/**" />


</beans>
